part,sequence,status,reused,runtime_sec,jm,jr,mask_pairs_used,output_dir,output_video,log_path,error
part1,bear,skipped,False,0.0,,,,/home/user/AIAA3201_project/outputs/full_davis_suite/main_branch_part12/experiments/part1/bear,,/home/user/AIAA3201_project/outputs/full_davis_suite/main_branch_part12/logs/part1/bear.log,No supported Part1 classes for ['bear']
part1,blackswan,skipped,False,0.0,,,,/home/user/AIAA3201_project/outputs/full_davis_suite/main_branch_part12/experiments/part1/blackswan,,/home/user/AIAA3201_project/outputs/full_davis_suite/main_branch_part12/logs/part1/blackswan.log,No supported Part1 classes for ['bird']
part1,bmx-bumps,ok,False,91.179,0.32109558029348506,0.4,90,/home/user/AIAA3201_project/outputs/full_davis_suite/main_branch_part12/experiments/part1/bmx-bumps,/home/user/AIAA3201_project/outputs/full_davis_suite/main_branch_part12/experiments/part1/bmx-bumps/inpainted.mp4,/home/user/AIAA3201_project/outputs/full_davis_suite/main_branch_part12/logs/part1/bmx-bumps.log,
part1,bmx-trees,ok,False,32.257,0.40971731762389885,0.4,80,/home/user/AIAA3201_project/outputs/full_davis_suite/main_branch_part12/experiments/part1/bmx-trees,/home/user/AIAA3201_project/outputs/full_davis_suite/main_branch_part12/experiments/part1/bmx-trees/inpainted.mp4,/home/user/AIAA3201_project/outputs/full_davis_suite/main_branch_part12/logs/part1/bmx-trees.log,
part1,boat,skipped,False,0.0,,,,/home/user/AIAA3201_project/outputs/full_davis_suite/main_branch_part12/experiments/part1/boat,,/home/user/AIAA3201_project/outputs/full_davis_suite/main_branch_part12/logs/part1/boat.log,No supported Part1 classes for ['boat']
part1,breakdance,ok,False,931.603,0.15543242695583034,0.0,84,/home/user/AIAA3201_project/outputs/full_davis_suite/main_branch_part12/experiments/part1/breakdance,/home/user/AIAA3201_project/outputs/full_davis_suite/main_branch_part12/experiments/part1/breakdance/inpainted.mp4,/home/user/AIAA3201_project/outputs/full_davis_suite/main_branch_part12/logs/part1/breakdance.log,
part1,breakdance-flare,ok,False,43.24,0.7478043097749006,0.9577464788732394,71,/home/user/AIAA3201_project/outputs/full_davis_suite/main_branch_part12/experiments/part1/breakdance-flare,/home/user/AIAA3201_project/outputs/full_davis_suite/main_branch_part12/experiments/part1/breakdance-flare/inpainted.mp4,/home/user/AIAA3201_project/outputs/full_davis_suite/main_branch_part12/logs/part1/breakdance-flare.log,
part1,bus,ok,False,278.816,0.7947111082003756,0.9125,80,/home/user/AIAA3201_project/outputs/full_davis_suite/main_branch_part12/experiments/part1/bus,/home/user/AIAA3201_project/outputs/full_davis_suite/main_branch_part12/experiments/part1/bus/inpainted.mp4,/home/user/AIAA3201_project/outputs/full_davis_suite/main_branch_part12/logs/part1/bus.log,
part1,camel,skipped,False,0.0,,,,/home/user/AIAA3201_project/outputs/full_davis_suite/main_branch_part12/experiments/part1/camel,,/home/user/AIAA3201_project/outputs/full_davis_suite/main_branch_part12/logs/part1/camel.log,No supported Part1 classes for ['horse']
part1,car-roundabout,ok,False,335.253,0.7164534160915673,0.84,75,/home/user/AIAA3201_project/outputs/full_davis_suite/main_branch_part12/experiments/part1/car-roundabout,/home/user/AIAA3201_project/outputs/full_davis_suite/main_branch_part12/experiments/part1/car-roundabout/inpainted.mp4,/home/user/AIAA3201_project/outputs/full_davis_suite/main_branch_part12/logs/part1/car-roundabout.log,
part1,car-shadow,ok,False,64.857,0.861936518487078,1.0,40,/home/user/AIAA3201_project/outputs/full_davis_suite/main_branch_part12/experiments/part1/car-shadow,/home/user/AIAA3201_project/outputs/full_davis_suite/main_branch_part12/experiments/part1/car-shadow/inpainted.mp4,/home/user/AIAA3201_project/outputs/full_davis_suite/main_branch_part12/logs/part1/car-shadow.log,
part1,car-turn,ok,False,100.174,0.7849277057192925,0.85,80,/home/user/AIAA3201_project/outputs/full_davis_suite/main_branch_part12/experiments/part1/car-turn,/home/user/AIAA3201_project/outputs/full_davis_suite/main_branch_part12/experiments/part1/car-turn/inpainted.mp4,/home/user/AIAA3201_project/outputs/full_davis_suite/main_branch_part12/logs/part1/car-turn.log,
part1,cows,skipped,False,0.0,,,,/home/user/AIAA3201_project/outputs/full_davis_suite/main_branch_part12/experiments/part1/cows,,/home/user/AIAA3201_project/outputs/full_davis_suite/main_branch_part12/logs/part1/cows.log,No supported Part1 classes for ['cow']
part1,dance-jump,ok,False,74.759,0.3835125646828411,0.05,60,/home/user/AIAA3201_project/outputs/full_davis_suite/main_branch_part12/experiments/part1/dance-jump,/home/user/AIAA3201_project/outputs/full_davis_suite/main_branch_part12/experiments/part1/dance-jump/inpainted.mp4,/home/user/AIAA3201_project/outputs/full_davis_suite/main_branch_part12/logs/part1/dance-jump.log,
part1,dance-twirl,ok,False,220.82,0.2828941717854429,0.0,90,/home/user/AIAA3201_project/outputs/full_davis_suite/main_branch_part12/experiments/part1/dance-twirl,/home/user/AIAA3201_project/outputs/full_davis_suite/main_branch_part12/experiments/part1/dance-twirl/inpainted.mp4,/home/user/AIAA3201_project/outputs/full_davis_suite/main_branch_part12/logs/part1/dance-twirl.log,
part1,dog,skipped,False,0.0,,,,/home/user/AIAA3201_project/outputs/full_davis_suite/main_branch_part12/experiments/part1/dog,,/home/user/AIAA3201_project/outputs/full_davis_suite/main_branch_part12/logs/part1/dog.log,No supported Part1 classes for ['dog']
part1,dog-agility,ok,False,9.238,0.0970919983110091,0.08,25,/home/user/AIAA3201_project/outputs/full_davis_suite/main_branch_part12/experiments/part1/dog-agility,/home/user/AIAA3201_project/outputs/full_davis_suite/main_branch_part12/experiments/part1/dog-agility/inpainted.mp4,/home/user/AIAA3201_project/outputs/full_davis_suite/main_branch_part12/logs/part1/dog-agility.log,
part1,drift-chicane,ok,False,34.518,0.801291050797513,0.9615384615384616,52,/home/user/AIAA3201_project/outputs/full_davis_suite/main_branch_part12/experiments/part1/drift-chicane,/home/user/AIAA3201_project/outputs/full_davis_suite/main_branch_part12/experiments/part1/drift-chicane/inpainted.mp4,/home/user/AIAA3201_project/outputs/full_davis_suite/main_branch_part12/logs/part1/drift-chicane.log,
part1,drift-straight,ok,False,41.234,0.7451264868562184,0.86,50,/home/user/AIAA3201_project/outputs/full_davis_suite/main_branch_part12/experiments/part1/drift-straight,/home/user/AIAA3201_project/outputs/full_davis_suite/main_branch_part12/experiments/part1/drift-straight/inpainted.mp4,/home/user/AIAA3201_project/outputs/full_davis_suite/main_branch_part12/logs/part1/drift-straight.log,
part1,drift-turn,ok,False,151.656,0.8691796402006511,1.0,64,/home/user/AIAA3201_project/outputs/full_davis_suite/main_branch_part12/experiments/part1/drift-turn,/home/user/AIAA3201_project/outputs/full_davis_suite/main_branch_part12/experiments/part1/drift-turn/inpainted.mp4,/home/user/AIAA3201_project/outputs/full_davis_suite/main_branch_part12/logs/part1/drift-turn.log,
part1,elephant,skipped,False,0.0,,,,/home/user/AIAA3201_project/outputs/full_davis_suite/main_branch_part12/experiments/part1/elephant,,/home/user/AIAA3201_project/outputs/full_davis_suite/main_branch_part12/logs/part1/elephant.log,No supported Part1 classes for ['elephant']
part1,flamingo,skipped,False,0.0,,,,/home/user/AIAA3201_project/outputs/full_davis_suite/main_branch_part12/experiments/part1/flamingo,,/home/user/AIAA3201_project/outputs/full_davis_suite/main_branch_part12/logs/part1/flamingo.log,No supported Part1 classes for ['bird']
part1,goat,skipped,False,0.0,,,,/home/user/AIAA3201_project/outputs/full_davis_suite/main_branch_part12/experiments/part1/goat,,/home/user/AIAA3201_project/outputs/full_davis_suite/main_branch_part12/logs/part1/goat.log,No supported Part1 classes for ['sheep']
part1,hike,ok,False,77.834,0.6192069642316621,1.0,80,/home/user/AIAA3201_project/outputs/full_davis_suite/main_branch_part12/experiments/part1/hike,/home/user/AIAA3201_project/outputs/full_davis_suite/main_branch_part12/experiments/part1/hike/inpainted.mp4,/home/user/AIAA3201_project/outputs/full_davis_suite/main_branch_part12/logs/part1/hike.log,
part1,hockey,ok,False,97.334,0.7138333624024711,1.0,75,/home/user/AIAA3201_project/outputs/full_davis_suite/main_branch_part12/experiments/part1/hockey,/home/user/AIAA3201_project/outputs/full_davis_suite/main_branch_part12/experiments/part1/hockey/inpainted.mp4,/home/user/AIAA3201_project/outputs/full_davis_suite/main_branch_part12/logs/part1/hockey.log,
part1,horsejump-high,ok,False,14.992,0.18492551998361825,0.0,50,/home/user/AIAA3201_project/outputs/full_davis_suite/main_branch_part12/experiments/part1/horsejump-high,/home/user/AIAA3201_project/outputs/full_davis_suite/main_branch_part12/experiments/part1/horsejump-high/inpainted.mp4,/home/user/AIAA3201_project/outputs/full_davis_suite/main_branch_part12/logs/part1/horsejump-high.log,
part1,horsejump-low,ok,False,16.547,0.1554826361985838,0.0,60,/home/user/AIAA3201_project/outputs/full_davis_suite/main_branch_part12/experiments/part1/horsejump-low,/home/user/AIAA3201_project/outputs/full_davis_suite/main_branch_part12/experiments/part1/horsejump-low/inpainted.mp4,/home/user/AIAA3201_project/outputs/full_davis_suite/main_branch_part12/logs/part1/horsejump-low.log,
part1,kite-surf,ok,False,17.846,0.5707924465764248,0.96,50,/home/user/AIAA3201_project/outputs/full_davis_suite/main_branch_part12/experiments/part1/kite-surf,/home/user/AIAA3201_project/outputs/full_davis_suite/main_branch_part12/experiments/part1/kite-surf/inpainted.mp4,/home/user/AIAA3201_project/outputs/full_davis_suite/main_branch_part12/logs/part1/kite-surf.log,
part1,kite-walk,ok,False,44.26,0.4964966689672047,0.575,80,/home/user/AIAA3201_project/outputs/full_davis_suite/main_branch_part12/experiments/part1/kite-walk,/home/user/AIAA3201_project/outputs/full_davis_suite/main_branch_part12/experiments/part1/kite-walk/inpainted.mp4,/home/user/AIAA3201_project/outputs/full_davis_suite/main_branch_part12/logs/part1/kite-walk.log,
part1,libby,ok,False,11.907,0.10303682569435182,0.08163265306122448,49,/home/user/AIAA3201_project/outputs/full_davis_suite/main_branch_part12/experiments/part1/libby,/home/user/AIAA3201_project/outputs/full_davis_suite/main_branch_part12/experiments/part1/libby/inpainted.mp4,/home/user/AIAA3201_project/outputs/full_davis_suite/main_branch_part12/logs/part1/libby.log,
part1,lucia,ok,False,84.034,0.7836675521896925,1.0,70,/home/user/AIAA3201_project/outputs/full_davis_suite/main_branch_part12/experiments/part1/lucia,/home/user/AIAA3201_project/outputs/full_davis_suite/main_branch_part12/experiments/part1/lucia/inpainted.mp4,/home/user/AIAA3201_project/outputs/full_davis_suite/main_branch_part12/logs/part1/lucia.log,
part1,mallard-fly,skipped,False,0.0,,,,/home/user/AIAA3201_project/outputs/full_davis_suite/main_branch_part12/experiments/part1/mallard-fly,,/home/user/AIAA3201_project/outputs/full_davis_suite/main_branch_part12/logs/part1/mallard-fly.log,No supported Part1 classes for ['bird']
part1,mallard-water,skipped,False,0.0,,,,/home/user/AIAA3201_project/outputs/full_davis_suite/main_branch_part12/experiments/part1/mallard-water,,/home/user/AIAA3201_project/outputs/full_davis_suite/main_branch_part12/logs/part1/mallard-water.log,No supported Part1 classes for ['bird']
part1,motocross-bumps,ok,False,72.538,0.7933149544013257,1.0,60,/home/user/AIAA3201_project/outputs/full_davis_suite/main_branch_part12/experiments/part1/motocross-bumps,/home/user/AIAA3201_project/outputs/full_davis_suite/main_branch_part12/experiments/part1/motocross-bumps/inpainted.mp4,/home/user/AIAA3201_project/outputs/full_davis_suite/main_branch_part12/logs/part1/motocross-bumps.log,
part1,motocross-jump,ok,False,55.123,0.7644990114600729,0.975,40,/home/user/AIAA3201_project/outputs/full_davis_suite/main_branch_part12/experiments/part1/motocross-jump,/home/user/AIAA3201_project/outputs/full_davis_suite/main_branch_part12/experiments/part1/motocross-jump/inpainted.mp4,/home/user/AIAA3201_project/outputs/full_davis_suite/main_branch_part12/logs/part1/motocross-jump.log,
part1,motorbike,ok,False,22.038,0.7508057025497576,0.9302325581395349,43,/home/user/AIAA3201_project/outputs/full_davis_suite/main_branch_part12/experiments/part1/motorbike,/home/user/AIAA3201_project/outputs/full_davis_suite/main_branch_part12/experiments/part1/motorbike/inpainted.mp4,/home/user/AIAA3201_project/outputs/full_davis_suite/main_branch_part12/logs/part1/motorbike.log,
part1,paragliding,ok,False,17.076,0.060762361673480265,0.0,70,/home/user/AIAA3201_project/outputs/full_davis_suite/main_branch_part12/experiments/part1/paragliding,/home/user/AIAA3201_project/outputs/full_davis_suite/main_branch_part12/experiments/part1/paragliding/inpainted.mp4,/home/user/AIAA3201_project/outputs/full_davis_suite/main_branch_part12/logs/part1/paragliding.log,
part1,paragliding-launch,ok,False,54.227,0.5642603738278018,0.6,80,/home/user/AIAA3201_project/outputs/full_davis_suite/main_branch_part12/experiments/part1/paragliding-launch,/home/user/AIAA3201_project/outputs/full_davis_suite/main_branch_part12/experiments/part1/paragliding-launch/inpainted.mp4,/home/user/AIAA3201_project/outputs/full_davis_suite/main_branch_part12/logs/part1/paragliding-launch.log,
part1,parkour,ok,False,47.711,0.8049304210830285,1.0,100,/home/user/AIAA3201_project/outputs/full_davis_suite/main_branch_part12/experiments/part1/parkour,/home/user/AIAA3201_project/outputs/full_davis_suite/main_branch_part12/experiments/part1/parkour/inpainted.mp4,/home/user/AIAA3201_project/outputs/full_davis_suite/main_branch_part12/logs/part1/parkour.log,
part1,rhino,skipped,False,0.0,,,,/home/user/AIAA3201_project/outputs/full_davis_suite/main_branch_part12/experiments/part1/rhino,,/home/user/AIAA3201_project/outputs/full_davis_suite/main_branch_part12/logs/part1/rhino.log,No supported Part1 classes for ['elephant']
part1,rollerblade,ok,False,16.115,0.7662434518236475,1.0,35,/home/user/AIAA3201_project/outputs/full_davis_suite/main_branch_part12/experiments/part1/rollerblade,/home/user/AIAA3201_project/outputs/full_davis_suite/main_branch_part12/experiments/part1/rollerblade/inpainted.mp4,/home/user/AIAA3201_project/outputs/full_davis_suite/main_branch_part12/logs/part1/rollerblade.log,
part1,scooter-black,ok,False,73.195,0.41839401235726215,0.4418604651162791,43,/home/user/AIAA3201_project/outputs/full_davis_suite/main_branch_part12/experiments/part1/scooter-black,/home/user/AIAA3201_project/outputs/full_davis_suite/main_branch_part12/experiments/part1/scooter-black/inpainted.mp4,/home/user/AIAA3201_project/outputs/full_davis_suite/main_branch_part12/logs/part1/scooter-black.log,
part1,scooter-gray,ok,False,68.977,0.7087751639063736,0.8666666666666667,75,/home/user/AIAA3201_project/outputs/full_davis_suite/main_branch_part12/experiments/part1/scooter-gray,/home/user/AIAA3201_project/outputs/full_davis_suite/main_branch_part12/experiments/part1/scooter-gray/inpainted.mp4,/home/user/AIAA3201_project/outputs/full_davis_suite/main_branch_part12/logs/part1/scooter-gray.log,
part1,soapbox,ok,False,17.658,0.0,0.0,99,/home/user/AIAA3201_project/outputs/full_davis_suite/main_branch_part12/experiments/part1/soapbox,/home/user/AIAA3201_project/outputs/full_davis_suite/main_branch_part12/experiments/part1/soapbox/inpainted.mp4,/home/user/AIAA3201_project/outputs/full_davis_suite/main_branch_part12/logs/part1/soapbox.log,
part1,soccerball,ok,False,14.622,0.5614309853390521,0.6458333333333334,48,/home/user/AIAA3201_project/outputs/full_davis_suite/main_branch_part12/experiments/part1/soccerball,/home/user/AIAA3201_project/outputs/full_davis_suite/main_branch_part12/experiments/part1/soccerball/inpainted.mp4,/home/user/AIAA3201_project/outputs/full_davis_suite/main_branch_part12/logs/part1/soccerball.log,
part1,stroller,ok,False,51.756,0.3754838862353044,0.07692307692307693,91,/home/user/AIAA3201_project/outputs/full_davis_suite/main_branch_part12/experiments/part1/stroller,/home/user/AIAA3201_project/outputs/full_davis_suite/main_branch_part12/experiments/part1/stroller/inpainted.mp4,/home/user/AIAA3201_project/outputs/full_davis_suite/main_branch_part12/logs/part1/stroller.log,
part1,surf,ok,False,11.717,0.0,0.0,55,/home/user/AIAA3201_project/outputs/full_davis_suite/main_branch_part12/experiments/part1/surf,/home/user/AIAA3201_project/outputs/full_davis_suite/main_branch_part12/experiments/part1/surf/inpainted.mp4,/home/user/AIAA3201_project/outputs/full_davis_suite/main_branch_part12/logs/part1/surf.log,
part1,swing,ok,False,52.298,0.7867927179642044,1.0,60,/home/user/AIAA3201_project/outputs/full_davis_suite/main_branch_part12/experiments/part1/swing,/home/user/AIAA3201_project/outputs/full_davis_suite/main_branch_part12/experiments/part1/swing/inpainted.mp4,/home/user/AIAA3201_project/outputs/full_davis_suite/main_branch_part12/logs/part1/swing.log,
part1,tennis,ok,False,45.329,0.7822851819112641,1.0,70,/home/user/AIAA3201_project/outputs/full_davis_suite/main_branch_part12/experiments/part1/tennis,/home/user/AIAA3201_project/outputs/full_davis_suite/main_branch_part12/experiments/part1/tennis/inpainted.mp4,/home/user/AIAA3201_project/outputs/full_davis_suite/main_branch_part12/logs/part1/tennis.log,
part1,train,skipped,False,0.0,,,,/home/user/AIAA3201_project/outputs/full_davis_suite/main_branch_part12/experiments/part1/train,,/home/user/AIAA3201_project/outputs/full_davis_suite/main_branch_part12/logs/part1/train.log,No supported Part1 classes for ['train']
