experiment,sequence,status,reused,runtime_sec,jm,jr,psnr,ssim,mask_pairs_used,frame_pairs_used,output_dir,output_video,log_path,error
sam2_diffueraser,bear,ok,False,102.193,0.9675806680339709,1.0,,,82,,/home/user/AIAA3201_project/outputs/davis_sam_ablation_suite/experiments/sam2_diffueraser/bear,/home/user/AIAA3201_project/outputs/davis_sam_ablation_suite/experiments/sam2_diffueraser/bear/sam2_diffueraser_inpainted.mp4,/home/user/AIAA3201_project/outputs/davis_sam_ablation_suite/logs/sam2_diffueraser/bear.log,
sam2_diffueraser,blackswan,ok,False,67.366,0.952190903776182,1.0,,,50,,/home/user/AIAA3201_project/outputs/davis_sam_ablation_suite/experiments/sam2_diffueraser/blackswan,/home/user/AIAA3201_project/outputs/davis_sam_ablation_suite/experiments/sam2_diffueraser/blackswan/sam2_diffueraser_inpainted.mp4,/home/user/AIAA3201_project/outputs/davis_sam_ablation_suite/logs/sam2_diffueraser/blackswan.log,
sam2_diffueraser,bmx-bumps,ok,False,117.512,0.42775002947967095,0.5777777777777777,,,90,,/home/user/AIAA3201_project/outputs/davis_sam_ablation_suite/experiments/sam2_diffueraser/bmx-bumps,/home/user/AIAA3201_project/outputs/davis_sam_ablation_suite/experiments/sam2_diffueraser/bmx-bumps/sam2_diffueraser_inpainted.mp4,/home/user/AIAA3201_project/outputs/davis_sam_ablation_suite/logs/sam2_diffueraser/bmx-bumps.log,
sam2_diffueraser,bmx-trees,ok,False,101.126,0.6525556030985834,0.9125,,,80,,/home/user/AIAA3201_project/outputs/davis_sam_ablation_suite/experiments/sam2_diffueraser/bmx-trees,/home/user/AIAA3201_project/outputs/davis_sam_ablation_suite/experiments/sam2_diffueraser/bmx-trees/sam2_diffueraser_inpainted.mp4,/home/user/AIAA3201_project/outputs/davis_sam_ablation_suite/logs/sam2_diffueraser/bmx-trees.log,
sam2_diffueraser,boat,ok,False,96.217,0.7498586213564091,1.0,,,75,,/home/user/AIAA3201_project/outputs/davis_sam_ablation_suite/experiments/sam2_diffueraser/boat,/home/user/AIAA3201_project/outputs/davis_sam_ablation_suite/experiments/sam2_diffueraser/boat/sam2_diffueraser_inpainted.mp4,/home/user/AIAA3201_project/outputs/davis_sam_ablation_suite/logs/sam2_diffueraser/boat.log,
sam2_diffueraser,breakdance,ok,False,116.03,0.3486624346263619,0.0,,,84,,/home/user/AIAA3201_project/outputs/davis_sam_ablation_suite/experiments/sam2_diffueraser/breakdance,/home/user/AIAA3201_project/outputs/davis_sam_ablation_suite/experiments/sam2_diffueraser/breakdance/sam2_diffueraser_inpainted.mp4,/home/user/AIAA3201_project/outputs/davis_sam_ablation_suite/logs/sam2_diffueraser/breakdance.log,
sam2_diffueraser,breakdance-flare,ok,False,92.193,0.956985723811721,1.0,,,71,,/home/user/AIAA3201_project/outputs/davis_sam_ablation_suite/experiments/sam2_diffueraser/breakdance-flare,/home/user/AIAA3201_project/outputs/davis_sam_ablation_suite/experiments/sam2_diffueraser/breakdance-flare/sam2_diffueraser_inpainted.mp4,/home/user/AIAA3201_project/outputs/davis_sam_ablation_suite/logs/sam2_diffueraser/breakdance-flare.log,
sam2_diffueraser,bus,ok,False,97.291,0.927616388011457,1.0,,,80,,/home/user/AIAA3201_project/outputs/davis_sam_ablation_suite/experiments/sam2_diffueraser/bus,/home/user/AIAA3201_project/outputs/davis_sam_ablation_suite/experiments/sam2_diffueraser/bus/sam2_diffueraser_inpainted.mp4,/home/user/AIAA3201_project/outputs/davis_sam_ablation_suite/logs/sam2_diffueraser/bus.log,
sam2_diffueraser,camel,ok,False,110.693,0.8408266292685111,1.0,,,90,,/home/user/AIAA3201_project/outputs/davis_sam_ablation_suite/experiments/sam2_diffueraser/camel,/home/user/AIAA3201_project/outputs/davis_sam_ablation_suite/experiments/sam2_diffueraser/camel/sam2_diffueraser_inpainted.mp4,/home/user/AIAA3201_project/outputs/davis_sam_ablation_suite/logs/sam2_diffueraser/camel.log,
sam2_diffueraser,car-roundabout,ok,False,105.927,0.7920671410933744,0.8533333333333334,,,75,,/home/user/AIAA3201_project/outputs/davis_sam_ablation_suite/experiments/sam2_diffueraser/car-roundabout,/home/user/AIAA3201_project/outputs/davis_sam_ablation_suite/experiments/sam2_diffueraser/car-roundabout/sam2_diffueraser_inpainted.mp4,/home/user/AIAA3201_project/outputs/davis_sam_ablation_suite/logs/sam2_diffueraser/car-roundabout.log,
sam2_diffueraser,car-shadow,ok,False,57.025,0.9236595148330707,1.0,,,40,,/home/user/AIAA3201_project/outputs/davis_sam_ablation_suite/experiments/sam2_diffueraser/car-shadow,/home/user/AIAA3201_project/outputs/davis_sam_ablation_suite/experiments/sam2_diffueraser/car-shadow/sam2_diffueraser_inpainted.mp4,/home/user/AIAA3201_project/outputs/davis_sam_ablation_suite/logs/sam2_diffueraser/car-shadow.log,
sam2_diffueraser,car-turn,ok,False,97.066,0.9768884298420936,1.0,,,80,,/home/user/AIAA3201_project/outputs/davis_sam_ablation_suite/experiments/sam2_diffueraser/car-turn,/home/user/AIAA3201_project/outputs/davis_sam_ablation_suite/experiments/sam2_diffueraser/car-turn/sam2_diffueraser_inpainted.mp4,/home/user/AIAA3201_project/outputs/davis_sam_ablation_suite/logs/sam2_diffueraser/car-turn.log,
sam2_diffueraser,cows,ok,False,123.829,0.9713126569842404,1.0,,,104,,/home/user/AIAA3201_project/outputs/davis_sam_ablation_suite/experiments/sam2_diffueraser/cows,/home/user/AIAA3201_project/outputs/davis_sam_ablation_suite/experiments/sam2_diffueraser/cows/sam2_diffueraser_inpainted.mp4,/home/user/AIAA3201_project/outputs/davis_sam_ablation_suite/logs/sam2_diffueraser/cows.log,
sam2_diffueraser,dance-jump,ok,False,96.377,0.7093995507287997,1.0,,,60,,/home/user/AIAA3201_project/outputs/davis_sam_ablation_suite/experiments/sam2_diffueraser/dance-jump,/home/user/AIAA3201_project/outputs/davis_sam_ablation_suite/experiments/sam2_diffueraser/dance-jump/sam2_diffueraser_inpainted.mp4,/home/user/AIAA3201_project/outputs/davis_sam_ablation_suite/logs/sam2_diffueraser/dance-jump.log,
sam2_diffueraser,dance-twirl,ok,False,136.496,0.7638385601382105,1.0,,,90,,/home/user/AIAA3201_project/outputs/davis_sam_ablation_suite/experiments/sam2_diffueraser/dance-twirl,/home/user/AIAA3201_project/outputs/davis_sam_ablation_suite/experiments/sam2_diffueraser/dance-twirl/sam2_diffueraser_inpainted.mp4,/home/user/AIAA3201_project/outputs/davis_sam_ablation_suite/logs/sam2_diffueraser/dance-twirl.log,
sam2_diffueraser,dog,ok,False,88.457,0.95928785317152,1.0,,,60,,/home/user/AIAA3201_project/outputs/davis_sam_ablation_suite/experiments/sam2_diffueraser/dog,/home/user/AIAA3201_project/outputs/davis_sam_ablation_suite/experiments/sam2_diffueraser/dog/sam2_diffueraser_inpainted.mp4,/home/user/AIAA3201_project/outputs/davis_sam_ablation_suite/logs/sam2_diffueraser/dog.log,
sam2_diffueraser,dog-agility,ok,False,40.36,0.938741627123186,1.0,,,25,,/home/user/AIAA3201_project/outputs/davis_sam_ablation_suite/experiments/sam2_diffueraser/dog-agility,/home/user/AIAA3201_project/outputs/davis_sam_ablation_suite/experiments/sam2_diffueraser/dog-agility/sam2_diffueraser_inpainted.mp4,/home/user/AIAA3201_project/outputs/davis_sam_ablation_suite/logs/sam2_diffueraser/dog-agility.log,
sam2_diffueraser,drift-chicane,ok,False,67.329,0.6883378464514011,0.7884615384615384,,,52,,/home/user/AIAA3201_project/outputs/davis_sam_ablation_suite/experiments/sam2_diffueraser/drift-chicane,/home/user/AIAA3201_project/outputs/davis_sam_ablation_suite/experiments/sam2_diffueraser/drift-chicane/sam2_diffueraser_inpainted.mp4,/home/user/AIAA3201_project/outputs/davis_sam_ablation_suite/logs/sam2_diffueraser/drift-chicane.log,
sam2_diffueraser,drift-straight,ok,False,79.069,0.8524962364380806,0.94,,,50,,/home/user/AIAA3201_project/outputs/davis_sam_ablation_suite/experiments/sam2_diffueraser/drift-straight,/home/user/AIAA3201_project/outputs/davis_sam_ablation_suite/experiments/sam2_diffueraser/drift-straight/sam2_diffueraser_inpainted.mp4,/home/user/AIAA3201_project/outputs/davis_sam_ablation_suite/logs/sam2_diffueraser/drift-straight.log,
sam2_diffueraser,drift-turn,ok,False,83.661,0.9651816382732706,1.0,,,64,,/home/user/AIAA3201_project/outputs/davis_sam_ablation_suite/experiments/sam2_diffueraser/drift-turn,/home/user/AIAA3201_project/outputs/davis_sam_ablation_suite/experiments/sam2_diffueraser/drift-turn/sam2_diffueraser_inpainted.mp4,/home/user/AIAA3201_project/outputs/davis_sam_ablation_suite/logs/sam2_diffueraser/drift-turn.log,
sam2_diffueraser,elephant,ok,False,98.294,0.9639548172817861,1.0,,,80,,/home/user/AIAA3201_project/outputs/davis_sam_ablation_suite/experiments/sam2_diffueraser/elephant,/home/user/AIAA3201_project/outputs/davis_sam_ablation_suite/experiments/sam2_diffueraser/elephant/sam2_diffueraser_inpainted.mp4,/home/user/AIAA3201_project/outputs/davis_sam_ablation_suite/logs/sam2_diffueraser/elephant.log,
sam2_diffueraser,flamingo,ok,False,109.52,0.5516881234629122,1.0,,,80,,/home/user/AIAA3201_project/outputs/davis_sam_ablation_suite/experiments/sam2_diffueraser/flamingo,/home/user/AIAA3201_project/outputs/davis_sam_ablation_suite/experiments/sam2_diffueraser/flamingo/sam2_diffueraser_inpainted.mp4,/home/user/AIAA3201_project/outputs/davis_sam_ablation_suite/logs/sam2_diffueraser/flamingo.log,
sam2_diffueraser,goat,ok,False,92.174,0.4245388534800571,0.4666666666666667,,,90,,/home/user/AIAA3201_project/outputs/davis_sam_ablation_suite/experiments/sam2_diffueraser/goat,/home/user/AIAA3201_project/outputs/davis_sam_ablation_suite/experiments/sam2_diffueraser/goat/sam2_diffueraser_inpainted.mp4,/home/user/AIAA3201_project/outputs/davis_sam_ablation_suite/logs/sam2_diffueraser/goat.log,
sam2_diffueraser,hike,ok,False,114.478,0.9579668812987112,1.0,,,80,,/home/user/AIAA3201_project/outputs/davis_sam_ablation_suite/experiments/sam2_diffueraser/hike,/home/user/AIAA3201_project/outputs/davis_sam_ablation_suite/experiments/sam2_diffueraser/hike/sam2_diffueraser_inpainted.mp4,/home/user/AIAA3201_project/outputs/davis_sam_ablation_suite/logs/sam2_diffueraser/hike.log,
sam2_diffueraser,hockey,ok,False,88.322,0.8414432134724616,1.0,,,75,,/home/user/AIAA3201_project/outputs/davis_sam_ablation_suite/experiments/sam2_diffueraser/hockey,/home/user/AIAA3201_project/outputs/davis_sam_ablation_suite/experiments/sam2_diffueraser/hockey/sam2_diffueraser_inpainted.mp4,/home/user/AIAA3201_project/outputs/davis_sam_ablation_suite/logs/sam2_diffueraser/hockey.log,
sam2_diffueraser,horsejump-high,ok,False,88.022,0.9034976100320568,1.0,,,50,,/home/user/AIAA3201_project/outputs/davis_sam_ablation_suite/experiments/sam2_diffueraser/horsejump-high,/home/user/AIAA3201_project/outputs/davis_sam_ablation_suite/experiments/sam2_diffueraser/horsejump-high/sam2_diffueraser_inpainted.mp4,/home/user/AIAA3201_project/outputs/davis_sam_ablation_suite/logs/sam2_diffueraser/horsejump-high.log,
sam2_diffueraser,horsejump-low,ok,False,94.186,0.8571718837025396,1.0,,,60,,/home/user/AIAA3201_project/outputs/davis_sam_ablation_suite/experiments/sam2_diffueraser/horsejump-low,/home/user/AIAA3201_project/outputs/davis_sam_ablation_suite/experiments/sam2_diffueraser/horsejump-low/sam2_diffueraser_inpainted.mp4,/home/user/AIAA3201_project/outputs/davis_sam_ablation_suite/logs/sam2_diffueraser/horsejump-low.log,
sam2_diffueraser,kite-surf,failed,False,3.51,,,,,,,/home/user/AIAA3201_project/outputs/davis_sam_ablation_suite/experiments/sam2_diffueraser/kite-surf,,/home/user/AIAA3201_project/outputs/davis_sam_ablation_suite/logs/sam2_diffueraser/kite-surf.log,"Traceback (most recent call last):
  File ""/tmp/AIAA3201_project-main/tools/sam2_auto_mask.py"", line 587, in <module>
    main()
  File ""/tmp/AIAA3201_project-main/tools/sam2_auto_mask.py"", line 434, in main
    target_ids = parse_target_classes(args.target_classes)
  File ""/tmp/AIAA3201_project-main/tools/sam2_auto_mask.py"", line 80, in parse_target_classes
    raise ValueError(f""Unknown class token '{raw}'. Known names: {known}"")
ValueError: Unknown class token 'kite'. Known names: airplane, bear, bicycle, bird, boat, bus, car, cat, cow, dog, elephant, giraffe, horse, motorbike, motorcycle, person, sheep, skateboard, sports ball, sports_ball, surfboard, tennis racket, tennis_racket, train, truck, zebra
Traceback (most recent call last):
  File ""/home/user/AIAA3201_project/part2_pipeline.py"", line 673, in <module>
    main()
  File ""/home/user/AIAA3201_project/part2_pipeline.py"", line 590, in main
    run_external_command(cmd, base_values)
  File ""/home/user/AIAA3201_project/part2_pipeline.py"", line 143, in run_external_command
    raise RuntimeError(f""External command failed with code {proc.returncode}: {cmd}"")
RuntimeError: External command failed with code 1: ""/home/user/.conda/envs/aiaa3201/bin/python"" ""/tmp/AIAA3201_project-main/tools/sam2_auto_mask.py"" --input-video ""/home/user/AIAA3201_project/outputs/davis_sam_ablation_suite/videos_480p/kite-surf.mp4"" --mask-dir ""/home/user/AIAA3201_project/outputs/davis_sam_ablation_suite/experiments/sam2_diffueraser/kite-surf/masks"" --device ""cuda:0"" --conf 0.35 --target-classes ""person,kite,surfboard"" --prompt-interval 18 --max-prompt-frames 18 --max-objs-per-prompt-frame 2 --min-box-area-ratio 0.0006 --max-box-area-ratio 0.75 --nms-iou 0.6 --mask-dilate 0 --mask-close 3 --mask-open 0 --min-mask-area 80 --yolo-fallback --fallback-min-area 80"
sam2_diffueraser,kite-walk,failed,False,4.917,,,,,,,/home/user/AIAA3201_project/outputs/davis_sam_ablation_suite/experiments/sam2_diffueraser/kite-walk,,/home/user/AIAA3201_project/outputs/davis_sam_ablation_suite/logs/sam2_diffueraser/kite-walk.log,"Traceback (most recent call last):
  File ""/tmp/AIAA3201_project-main/tools/sam2_auto_mask.py"", line 587, in <module>
    main()
  File ""/tmp/AIAA3201_project-main/tools/sam2_auto_mask.py"", line 434, in main
    target_ids = parse_target_classes(args.target_classes)
  File ""/tmp/AIAA3201_project-main/tools/sam2_auto_mask.py"", line 80, in parse_target_classes
    raise ValueError(f""Unknown class token '{raw}'. Known names: {known}"")
ValueError: Unknown class token 'kite'. Known names: airplane, bear, bicycle, bird, boat, bus, car, cat, cow, dog, elephant, giraffe, horse, motorbike, motorcycle, person, sheep, skateboard, sports ball, sports_ball, surfboard, tennis racket, tennis_racket, train, truck, zebra
Traceback (most recent call last):
  File ""/home/user/AIAA3201_project/part2_pipeline.py"", line 673, in <module>
    main()
  File ""/home/user/AIAA3201_project/part2_pipeline.py"", line 590, in main
    run_external_command(cmd, base_values)
  File ""/home/user/AIAA3201_project/part2_pipeline.py"", line 143, in run_external_command
    raise RuntimeError(f""External command failed with code {proc.returncode}: {cmd}"")
RuntimeError: External command failed with code 1: ""/home/user/.conda/envs/aiaa3201/bin/python"" ""/tmp/AIAA3201_project-main/tools/sam2_auto_mask.py"" --input-video ""/home/user/AIAA3201_project/outputs/davis_sam_ablation_suite/videos_480p/kite-walk.mp4"" --mask-dir ""/home/user/AIAA3201_project/outputs/davis_sam_ablation_suite/experiments/sam2_diffueraser/kite-walk/masks"" --device ""cuda:0"" --conf 0.35 --target-classes ""person,kite"" --prompt-interval 18 --max-prompt-frames 18 --max-objs-per-prompt-frame 2 --min-box-area-ratio 0.0006 --max-box-area-ratio 0.75 --nms-iou 0.6 --mask-dilate 0 --mask-close 3 --mask-open 0 --min-mask-area 80 --yolo-fallback --fallback-min-area 80"
sam2_diffueraser,libby,ok,False,56.836,0.0047226569142531805,0.0,,,49,,/home/user/AIAA3201_project/outputs/davis_sam_ablation_suite/experiments/sam2_diffueraser/libby,/home/user/AIAA3201_project/outputs/davis_sam_ablation_suite/experiments/sam2_diffueraser/libby/sam2_diffueraser_inpainted.mp4,/home/user/AIAA3201_project/outputs/davis_sam_ablation_suite/logs/sam2_diffueraser/libby.log,
sam2_diffueraser,lucia,ok,False,88.739,0.9220225695233468,1.0,,,70,,/home/user/AIAA3201_project/outputs/davis_sam_ablation_suite/experiments/sam2_diffueraser/lucia,/home/user/AIAA3201_project/outputs/davis_sam_ablation_suite/experiments/sam2_diffueraser/lucia/sam2_diffueraser_inpainted.mp4,/home/user/AIAA3201_project/outputs/davis_sam_ablation_suite/logs/sam2_diffueraser/lucia.log,
sam2_diffueraser,mallard-fly,ok,False,83.759,0.8910010829440755,1.0,,,70,,/home/user/AIAA3201_project/outputs/davis_sam_ablation_suite/experiments/sam2_diffueraser/mallard-fly,/home/user/AIAA3201_project/outputs/davis_sam_ablation_suite/experiments/sam2_diffueraser/mallard-fly/sam2_diffueraser_inpainted.mp4,/home/user/AIAA3201_project/outputs/davis_sam_ablation_suite/logs/sam2_diffueraser/mallard-fly.log,
sam2_diffueraser,mallard-water,ok,False,98.549,0.9454316777798925,1.0,,,80,,/home/user/AIAA3201_project/outputs/davis_sam_ablation_suite/experiments/sam2_diffueraser/mallard-water,/home/user/AIAA3201_project/outputs/davis_sam_ablation_suite/experiments/sam2_diffueraser/mallard-water/sam2_diffueraser_inpainted.mp4,/home/user/AIAA3201_project/outputs/davis_sam_ablation_suite/logs/sam2_diffueraser/mallard-water.log,
sam2_diffueraser,motocross-bumps,ok,False,87.358,0.9467344084267867,1.0,,,60,,/home/user/AIAA3201_project/outputs/davis_sam_ablation_suite/experiments/sam2_diffueraser/motocross-bumps,/home/user/AIAA3201_project/outputs/davis_sam_ablation_suite/experiments/sam2_diffueraser/motocross-bumps/sam2_diffueraser_inpainted.mp4,/home/user/AIAA3201_project/outputs/davis_sam_ablation_suite/logs/sam2_diffueraser/motocross-bumps.log,
sam2_diffueraser,motocross-jump,ok,False,55.902,0.9289003843861551,1.0,,,40,,/home/user/AIAA3201_project/outputs/davis_sam_ablation_suite/experiments/sam2_diffueraser/motocross-jump,/home/user/AIAA3201_project/outputs/davis_sam_ablation_suite/experiments/sam2_diffueraser/motocross-jump/sam2_diffueraser_inpainted.mp4,/home/user/AIAA3201_project/outputs/davis_sam_ablation_suite/logs/sam2_diffueraser/motocross-jump.log,
sam2_diffueraser,motorbike,ok,False,57.84,0.780110425136079,1.0,,,43,,/home/user/AIAA3201_project/outputs/davis_sam_ablation_suite/experiments/sam2_diffueraser/motorbike,/home/user/AIAA3201_project/outputs/davis_sam_ablation_suite/experiments/sam2_diffueraser/motorbike/sam2_diffueraser_inpainted.mp4,/home/user/AIAA3201_project/outputs/davis_sam_ablation_suite/logs/sam2_diffueraser/motorbike.log,
sam2_diffueraser,paragliding,ok,False,71.97,0.02639203242416989,0.0,,,70,,/home/user/AIAA3201_project/outputs/davis_sam_ablation_suite/experiments/sam2_diffueraser/paragliding,/home/user/AIAA3201_project/outputs/davis_sam_ablation_suite/experiments/sam2_diffueraser/paragliding/sam2_diffueraser_inpainted.mp4,/home/user/AIAA3201_project/outputs/davis_sam_ablation_suite/logs/sam2_diffueraser/paragliding.log,
sam2_diffueraser,paragliding-launch,ok,False,94.751,0.6259891757504579,0.65,,,80,,/home/user/AIAA3201_project/outputs/davis_sam_ablation_suite/experiments/sam2_diffueraser/paragliding-launch,/home/user/AIAA3201_project/outputs/davis_sam_ablation_suite/experiments/sam2_diffueraser/paragliding-launch/sam2_diffueraser_inpainted.mp4,/home/user/AIAA3201_project/outputs/davis_sam_ablation_suite/logs/sam2_diffueraser/paragliding-launch.log,
sam2_diffueraser,parkour,ok,False,116.623,0.9485663587150713,1.0,,,100,,/home/user/AIAA3201_project/outputs/davis_sam_ablation_suite/experiments/sam2_diffueraser/parkour,/home/user/AIAA3201_project/outputs/davis_sam_ablation_suite/experiments/sam2_diffueraser/parkour/sam2_diffueraser_inpainted.mp4,/home/user/AIAA3201_project/outputs/davis_sam_ablation_suite/logs/sam2_diffueraser/parkour.log,
sam2_diffueraser,rhino,ok,False,114.704,0.9786175875232141,1.0,,,90,,/home/user/AIAA3201_project/outputs/davis_sam_ablation_suite/experiments/sam2_diffueraser/rhino,/home/user/AIAA3201_project/outputs/davis_sam_ablation_suite/experiments/sam2_diffueraser/rhino/sam2_diffueraser_inpainted.mp4,/home/user/AIAA3201_project/outputs/davis_sam_ablation_suite/logs/sam2_diffueraser/rhino.log,
sam2_diffueraser,rollerblade,ok,False,53.023,0.9355052375407366,1.0,,,35,,/home/user/AIAA3201_project/outputs/davis_sam_ablation_suite/experiments/sam2_diffueraser/rollerblade,/home/user/AIAA3201_project/outputs/davis_sam_ablation_suite/experiments/sam2_diffueraser/rollerblade/sam2_diffueraser_inpainted.mp4,/home/user/AIAA3201_project/outputs/davis_sam_ablation_suite/logs/sam2_diffueraser/rollerblade.log,
sam2_diffueraser,scooter-black,ok,False,60.733,0.6055329406443817,0.8372093023255814,,,43,,/home/user/AIAA3201_project/outputs/davis_sam_ablation_suite/experiments/sam2_diffueraser/scooter-black,/home/user/AIAA3201_project/outputs/davis_sam_ablation_suite/experiments/sam2_diffueraser/scooter-black/sam2_diffueraser_inpainted.mp4,/home/user/AIAA3201_project/outputs/davis_sam_ablation_suite/logs/sam2_diffueraser/scooter-black.log,
sam2_diffueraser,scooter-gray,ok,False,116.715,0.8769406141964161,1.0,,,75,,/home/user/AIAA3201_project/outputs/davis_sam_ablation_suite/experiments/sam2_diffueraser/scooter-gray,/home/user/AIAA3201_project/outputs/davis_sam_ablation_suite/experiments/sam2_diffueraser/scooter-gray/sam2_diffueraser_inpainted.mp4,/home/user/AIAA3201_project/outputs/davis_sam_ablation_suite/logs/sam2_diffueraser/scooter-gray.log,
sam2_diffueraser,soapbox,ok,False,96.63,0.0,0.0,,,99,,/home/user/AIAA3201_project/outputs/davis_sam_ablation_suite/experiments/sam2_diffueraser/soapbox,/home/user/AIAA3201_project/outputs/davis_sam_ablation_suite/experiments/sam2_diffueraser/soapbox/sam2_diffueraser_inpainted.mp4,/home/user/AIAA3201_project/outputs/davis_sam_ablation_suite/logs/sam2_diffueraser/soapbox.log,
sam2_diffueraser,soccerball,ok,False,67.546,0.4726576461821015,0.5208333333333334,,,48,,/home/user/AIAA3201_project/outputs/davis_sam_ablation_suite/experiments/sam2_diffueraser/soccerball,/home/user/AIAA3201_project/outputs/davis_sam_ablation_suite/experiments/sam2_diffueraser/soccerball/sam2_diffueraser_inpainted.mp4,/home/user/AIAA3201_project/outputs/davis_sam_ablation_suite/logs/sam2_diffueraser/soccerball.log,
sam2_diffueraser,stroller,ok,False,110.642,0.3836876963561255,0.0,,,91,,/home/user/AIAA3201_project/outputs/davis_sam_ablation_suite/experiments/sam2_diffueraser/stroller,/home/user/AIAA3201_project/outputs/davis_sam_ablation_suite/experiments/sam2_diffueraser/stroller/sam2_diffueraser_inpainted.mp4,/home/user/AIAA3201_project/outputs/davis_sam_ablation_suite/logs/sam2_diffueraser/stroller.log,
sam2_diffueraser,surf,ok,False,66.731,0.00040521038857145044,0.0,,,55,,/home/user/AIAA3201_project/outputs/davis_sam_ablation_suite/experiments/sam2_diffueraser/surf,/home/user/AIAA3201_project/outputs/davis_sam_ablation_suite/experiments/sam2_diffueraser/surf/sam2_diffueraser_inpainted.mp4,/home/user/AIAA3201_project/outputs/davis_sam_ablation_suite/logs/sam2_diffueraser/surf.log,
sam2_diffueraser,swing,ok,False,82.223,0.8634419995381959,1.0,,,60,,/home/user/AIAA3201_project/outputs/davis_sam_ablation_suite/experiments/sam2_diffueraser/swing,/home/user/AIAA3201_project/outputs/davis_sam_ablation_suite/experiments/sam2_diffueraser/swing/sam2_diffueraser_inpainted.mp4,/home/user/AIAA3201_project/outputs/davis_sam_ablation_suite/logs/sam2_diffueraser/swing.log,
sam2_diffueraser,tennis,ok,False,91.983,0.8347150591580201,1.0,,,70,,/home/user/AIAA3201_project/outputs/davis_sam_ablation_suite/experiments/sam2_diffueraser/tennis,/home/user/AIAA3201_project/outputs/davis_sam_ablation_suite/experiments/sam2_diffueraser/tennis/sam2_diffueraser_inpainted.mp4,/home/user/AIAA3201_project/outputs/davis_sam_ablation_suite/logs/sam2_diffueraser/tennis.log,
sam2_diffueraser,train,ok,False,109.226,0.822175576593918,1.0,,,80,,/home/user/AIAA3201_project/outputs/davis_sam_ablation_suite/experiments/sam2_diffueraser/train,/home/user/AIAA3201_project/outputs/davis_sam_ablation_suite/experiments/sam2_diffueraser/train/sam2_diffueraser_inpainted.mp4,/home/user/AIAA3201_project/outputs/davis_sam_ablation_suite/logs/sam2_diffueraser/train.log,
